{
	"credit": "Made with Blockbench",
	"parent": "minecraft:block/cube",
	"textures": {
		"4": "item/spawn_egg",
		"5": "item/spawn_egg_overlay",
		"particle": "block/crafting_table_front",
		"north": "block/crafting_table_front",
		"south": "block/crafting_table_side",
		"up": "block/crafting_table_top",
		"down": "block/oak_planks"
	},
	"elements": [
		{
			"from": [0, 0, 0],
			"to": [16, 16, 16],
			"faces": {
				"north": {"uv": [0, 0, 16, 16], "texture": "#north"},
				"east": {"uv": [0, 0, 16, 16], "texture": "#south"},
				"south": {"uv": [0, 0, 16, 16], "texture": "#north"},
				"west": {"uv": [0, 0, 16, 16], "texture": "#south"},
				"up": {"uv": [0, 0, 16, 16], "texture": "#up"},
				"down": {"uv": [0, 0, 16, 16], "texture": "#down"}
			}
		},
		{
			"from": [3, 7, 16],
			"to": [4, 11, 17],
			"rotation": {"angle": 0, "axis": "y", "origin": [11, 15, 24]},
			"faces": {
				"north": {"uv": [3, 5, 4, 9], "texture": "#north"},
				"east": {"uv": [3, 5, 4, 9], "texture": "#north"},
				"south": {"uv": [3, 5, 4, 9], "texture": "#north"},
				"west": {"uv": [3, 5, 4, 9], "texture": "#north"},
				"up": {"uv": [3, 5, 4, 9], "texture": "#north"},
				"down": {"uv": [3, 5, 4, 9], "texture": "#north"}
			}
		},
		{
			"from": [2, 5, 16],
			"to": [5, 7, 17],
			"rotation": {"angle": 0, "axis": "y", "origin": [10, 13, 24]},
			"faces": {
				"north": {"uv": [2, 9, 5, 11], "texture": "#north"},
				"east": {"uv": [2, 9, 5, 11], "texture": "#north"},
				"south": {"uv": [2, 9, 5, 11], "texture": "#north"},
				"west": {"uv": [2, 9, 5, 11], "texture": "#north"},
				"up": {"uv": [2, 9, 5, 11], "texture": "#north"},
				"down": {"uv": [2, 9, 5, 11], "texture": "#north"}
			}
		},
		{
			"from": [13, 3, 16],
			"to": [14, 10, 17],
			"rotation": {"angle": 0, "axis": "y", "origin": [21, 11, 24]},
			"faces": {
				"north": {"uv": [13, 6, 14, 13], "texture": "#north"},
				"east": {"uv": [13, 6, 14, 13], "texture": "#north"},
				"south": {"uv": [13, 6, 14, 13], "texture": "#north"},
				"west": {"uv": [13, 6, 14, 13], "texture": "#north"},
				"up": {"uv": [13, 6, 14, 13], "texture": "#north"},
				"down": {"uv": [13, 6, 14, 13], "texture": "#north"}
			}
		},
		{
			"from": [12, 5, 16],
			"to": [13, 10, 17],
			"rotation": {"angle": 0, "axis": "y", "origin": [20, 13, 24]},
			"faces": {
				"north": {"uv": [12, 6, 13, 11], "texture": "#north"},
				"east": {"uv": [12, 6, 13, 11], "texture": "#north"},
				"south": {"uv": [12, 6, 13, 11], "texture": "#north"},
				"west": {"uv": [12, 6, 13, 11], "texture": "#north"},
				"up": {"uv": [12, 6, 13, 11], "texture": "#north"},
				"down": {"uv": [12, 6, 13, 11], "texture": "#north"}
			}
		},
		{
			"from": [11, 7, 16],
			"to": [12, 10, 17],
			"rotation": {"angle": 0, "axis": "y", "origin": [19, 15, 24]},
			"faces": {
				"north": {"uv": [11, 6, 12, 9], "texture": "#north"},
				"east": {"uv": [11, 6, 12, 9], "texture": "#north"},
				"south": {"uv": [11, 6, 12, 9], "texture": "#north"},
				"west": {"uv": [11, 6, 12, 9], "texture": "#north"},
				"up": {"uv": [11, 6, 12, 9], "texture": "#north"},
				"down": {"uv": [11, 6, 12, 9], "texture": "#north"}
			}
		},
		{
			"from": [13, 11, 16],
			"to": [14, 12, 17],
			"rotation": {"angle": 0, "axis": "y", "origin": [21, 19, 24]},
			"faces": {
				"north": {"uv": [13, 4, 14, 5], "texture": "#north"},
				"east": {"uv": [13, 4, 14, 5], "texture": "#north"},
				"south": {"uv": [13, 4, 14, 5], "texture": "#north"},
				"west": {"uv": [13, 4, 14, 5], "texture": "#north"},
				"up": {"uv": [13, 4, 14, 5], "texture": "#north"},
				"down": {"uv": [13, 4, 14, 5], "texture": "#north"}
			}
		},
		{
			"from": [11, 11, 16],
			"to": [12, 12, 17],
			"rotation": {"angle": 0, "axis": "y", "origin": [19, 19, 24]},
			"faces": {
				"north": {"uv": [11, 4, 12, 5], "texture": "#north"},
				"east": {"uv": [11, 4, 12, 5], "texture": "#north"},
				"south": {"uv": [11, 4, 12, 5], "texture": "#north"},
				"west": {"uv": [11, 4, 12, 5], "texture": "#north"},
				"up": {"uv": [11, 4, 12, 5], "texture": "#north"},
				"down": {"uv": [11, 4, 12, 5], "texture": "#north"}
			}
		},
		{
			"from": [11, 10, 16],
			"to": [14, 11, 17],
			"rotation": {"angle": 0, "axis": "y", "origin": [19, 18, 24]},
			"faces": {
				"north": {"uv": [11, 5, 14, 6], "texture": "#north"},
				"east": {"uv": [11, 5, 14, 6], "texture": "#north"},
				"south": {"uv": [11, 5, 14, 6], "texture": "#north"},
				"west": {"uv": [11, 5, 14, 6], "texture": "#north"},
				"up": {"uv": [11, 5, 14, 6], "texture": "#north"},
				"down": {"uv": [11, 5, 14, 6], "texture": "#north"}
			}
		},
		{
			"from": [11, 12, 16],
			"to": [14, 13, 17],
			"rotation": {"angle": 0, "axis": "y", "origin": [19, 20, 24]},
			"faces": {
				"north": {"uv": [11, 3, 14, 4], "texture": "#north"},
				"east": {"uv": [11, 3, 14, 4], "texture": "#north"},
				"south": {"uv": [11, 3, 14, 4], "texture": "#north"},
				"west": {"uv": [11, 3, 14, 4], "texture": "#north"},
				"up": {"uv": [11, 3, 14, 4], "texture": "#north"},
				"down": {"uv": [11, 3, 14, 4], "texture": "#north"}
			}
		},
		{
			"from": [16, 6, 12],
			"to": [17, 8, 13],
			"rotation": {"angle": 0, "axis": "y", "origin": [24, 14, 20]},
			"faces": {
				"north": {"uv": [3, 8, 4, 10], "texture": "#south"},
				"east": {"uv": [3, 8, 4, 10], "texture": "#south"},
				"south": {"uv": [3, 8, 4, 10], "texture": "#south"},
				"west": {"uv": [3, 8, 4, 10], "texture": "#south"},
				"up": {"uv": [3, 8, 4, 10], "texture": "#south"},
				"down": {"uv": [3, 8, 4, 10], "texture": "#south"}
			}
		},
		{
			"from": [16, 6, 10],
			"to": [17, 8, 11],
			"rotation": {"angle": 0, "axis": "y", "origin": [24, 14, 18]},
			"faces": {
				"north": {"uv": [5, 8, 6, 10], "texture": "#south"},
				"east": {"uv": [5, 8, 6, 10], "texture": "#south"},
				"south": {"uv": [5, 8, 6, 10], "texture": "#south"},
				"west": {"uv": [5, 8, 6, 10], "texture": "#south"},
				"up": {"uv": [5, 8, 6, 10], "texture": "#south"},
				"down": {"uv": [5, 8, 6, 10], "texture": "#south"}
			}
		},
		{
			"from": [16, 9, 10],
			"to": [17, 11, 11],
			"rotation": {"angle": 0, "axis": "y", "origin": [24, 17, 18]},
			"faces": {
				"north": {"uv": [5, 5, 6, 7], "texture": "#south"},
				"east": {"uv": [5, 5, 6, 7], "texture": "#south"},
				"south": {"uv": [5, 5, 6, 7], "texture": "#south"},
				"west": {"uv": [5, 5, 6, 7], "texture": "#south"},
				"up": {"uv": [5, 5, 6, 7], "texture": "#south"},
				"down": {"uv": [5, 5, 6, 7], "texture": "#south"}
			}
		},
		{
			"from": [16, 9, 12],
			"to": [17, 11, 13],
			"rotation": {"angle": 0, "axis": "y", "origin": [24, 17, 20]},
			"faces": {
				"north": {"uv": [3, 5, 4, 7], "texture": "#south"},
				"east": {"uv": [3, 5, 4, 7], "texture": "#south"},
				"south": {"uv": [3, 5, 4, 7], "texture": "#south"},
				"west": {"uv": [3, 5, 4, 7], "texture": "#south"},
				"up": {"uv": [3, 5, 4, 7], "texture": "#south"},
				"down": {"uv": [3, 5, 4, 7], "texture": "#south"}
			}
		},
		{
			"from": [16, 8, 11],
			"to": [17, 9, 12],
			"rotation": {"angle": 0, "axis": "y", "origin": [24, 16, 19]},
			"faces": {
				"north": {"uv": [4, 7, 5, 8], "texture": "#south"},
				"east": {"uv": [4, 7, 5, 8], "texture": "#south"},
				"south": {"uv": [4, 7, 5, 8], "texture": "#south"},
				"west": {"uv": [4, 7, 5, 8], "texture": "#south"},
				"up": {"uv": [4, 7, 5, 8], "texture": "#south"},
				"down": {"uv": [4, 7, 5, 8], "texture": "#south"}
			}
		},
		{
			"from": [-1, 6, 5],
			"to": [0, 8, 6],
			"rotation": {"angle": 0, "axis": "y", "origin": [7, 14, 13]},
			"faces": {
				"north": {"uv": [3, 8, 4, 10], "texture": "#south"},
				"east": {"uv": [3, 8, 4, 10], "texture": "#south"},
				"south": {"uv": [3, 8, 4, 10], "texture": "#south"},
				"west": {"uv": [3, 8, 4, 10], "texture": "#south"},
				"up": {"uv": [3, 8, 4, 10], "texture": "#south"},
				"down": {"uv": [3, 8, 4, 10], "texture": "#south"}
			}
		},
		{
			"from": [-1, 6, 3],
			"to": [0, 8, 4],
			"rotation": {"angle": 0, "axis": "y", "origin": [7, 14, 11]},
			"faces": {
				"north": {"uv": [5, 8, 6, 10], "texture": "#south"},
				"east": {"uv": [5, 8, 6, 10], "texture": "#south"},
				"south": {"uv": [5, 8, 6, 10], "texture": "#south"},
				"west": {"uv": [5, 8, 6, 10], "texture": "#south"},
				"up": {"uv": [5, 8, 6, 10], "texture": "#south"},
				"down": {"uv": [5, 8, 6, 10], "texture": "#south"}
			}
		},
		{
			"from": [-1, 9, 3],
			"to": [0, 11, 4],
			"rotation": {"angle": 0, "axis": "y", "origin": [7, 17, 11]},
			"faces": {
				"north": {"uv": [5, 5, 6, 7], "texture": "#south"},
				"east": {"uv": [5, 5, 6, 7], "texture": "#south"},
				"south": {"uv": [5, 5, 6, 7], "texture": "#south"},
				"west": {"uv": [5, 5, 6, 7], "texture": "#south"},
				"up": {"uv": [5, 5, 6, 7], "texture": "#south"},
				"down": {"uv": [5, 5, 6, 7], "texture": "#south"}
			}
		},
		{
			"from": [-1, 9, 5],
			"to": [0, 11, 6],
			"rotation": {"angle": 0, "axis": "y", "origin": [7, 17, 13]},
			"faces": {
				"north": {"uv": [3, 5, 4, 7], "texture": "#south"},
				"east": {"uv": [3, 5, 4, 7], "texture": "#south"},
				"south": {"uv": [3, 5, 4, 7], "texture": "#south"},
				"west": {"uv": [3, 5, 4, 7], "texture": "#south"},
				"up": {"uv": [3, 5, 4, 7], "texture": "#south"},
				"down": {"uv": [3, 5, 4, 7], "texture": "#south"}
			}
		},
		{
			"from": [-1, 8, 4],
			"to": [0, 9, 5],
			"rotation": {"angle": 0, "axis": "y", "origin": [7, 16, 12]},
			"faces": {
				"north": {"uv": [4, 7, 5, 8], "texture": "#south"},
				"east": {"uv": [4, 7, 5, 8], "texture": "#south"},
				"south": {"uv": [4, 7, 5, 8], "texture": "#south"},
				"west": {"uv": [4, 7, 5, 8], "texture": "#south"},
				"up": {"uv": [4, 7, 5, 8], "texture": "#south"},
				"down": {"uv": [4, 7, 5, 8], "texture": "#south"}
			}
		},
		{
			"from": [3, 16, 3],
			"to": [13, 17, 4],
			"rotation": {"angle": 0, "axis": "y", "origin": [11, 24, 11]},
			"faces": {
				"north": {"uv": [3, 3, 13, 4], "texture": "#up"},
				"east": {"uv": [3, 3, 13, 4], "texture": "#up"},
				"south": {"uv": [3, 3, 13, 4], "texture": "#up"},
				"west": {"uv": [3, 3, 13, 4], "texture": "#up"},
				"up": {"uv": [3, 3, 13, 4], "texture": "#up"},
				"down": {"uv": [3, 3, 13, 4], "texture": "#up"}
			}
		},
		{
			"from": [3, 16, 6],
			"to": [13, 17, 7],
			"rotation": {"angle": 0, "axis": "y", "origin": [11, 24, 14]},
			"faces": {
				"north": {"uv": [3, 6, 13, 7], "texture": "#up"},
				"east": {"uv": [3, 6, 13, 7], "texture": "#up"},
				"south": {"uv": [3, 6, 13, 7], "texture": "#up"},
				"west": {"uv": [3, 6, 13, 7], "texture": "#up"},
				"up": {"uv": [3, 6, 13, 7], "texture": "#up"},
				"down": {"uv": [3, 6, 13, 7], "texture": "#up"}
			}
		},
		{
			"from": [3, 16, 9],
			"to": [13, 17, 10],
			"rotation": {"angle": 0, "axis": "y", "origin": [11, 24, 17]},
			"faces": {
				"north": {"uv": [3, 9, 13, 10], "texture": "#up"},
				"east": {"uv": [3, 9, 13, 10], "texture": "#up"},
				"south": {"uv": [3, 9, 13, 10], "texture": "#up"},
				"west": {"uv": [3, 9, 13, 10], "texture": "#up"},
				"up": {"uv": [3, 9, 13, 10], "texture": "#up"},
				"down": {"uv": [3, 9, 13, 10], "texture": "#up"}
			}
		},
		{
			"from": [3, 16, 12],
			"to": [13, 17, 13],
			"rotation": {"angle": 0, "axis": "y", "origin": [11, 24, 20]},
			"faces": {
				"north": {"uv": [3, 12, 13, 13], "texture": "#up"},
				"east": {"uv": [3, 12, 13, 13], "texture": "#up"},
				"south": {"uv": [3, 12, 13, 13], "texture": "#up"},
				"west": {"uv": [3, 12, 13, 13], "texture": "#up"},
				"up": {"uv": [3, 12, 13, 13], "texture": "#up"},
				"down": {"uv": [3, 12, 13, 13], "texture": "#up"}
			}
		},
		{
			"from": [3, 16, 4],
			"to": [4, 17, 13],
			"rotation": {"angle": 0, "axis": "y", "origin": [11, 24, 12]},
			"faces": {
				"north": {"uv": [3, 4, 4, 13], "texture": "#up"},
				"east": {"uv": [3, 4, 4, 13], "texture": "#up"},
				"south": {"uv": [3, 4, 4, 13], "texture": "#up"},
				"west": {"uv": [3, 4, 4, 13], "texture": "#up"},
				"up": {"uv": [3, 4, 4, 13], "texture": "#up"},
				"down": {"uv": [3, 4, 4, 13], "texture": "#up"}
			}
		},
		{
			"from": [6, 16, 4],
			"to": [7, 17, 13],
			"rotation": {"angle": 0, "axis": "y", "origin": [14, 24, 12]},
			"faces": {
				"north": {"uv": [6, 4, 7, 13], "texture": "#up"},
				"east": {"uv": [6, 4, 7, 13], "texture": "#up"},
				"south": {"uv": [6, 4, 7, 13], "texture": "#up"},
				"west": {"uv": [6, 4, 7, 13], "texture": "#up"},
				"up": {"uv": [6, 4, 7, 13], "texture": "#up"},
				"down": {"uv": [6, 4, 7, 13], "texture": "#up"}
			}
		},
		{
			"from": [9, 16, 4],
			"to": [10, 17, 13],
			"rotation": {"angle": 0, "axis": "y", "origin": [17, 24, 12]},
			"faces": {
				"north": {"uv": [9, 4, 10, 13], "texture": "#up"},
				"east": {"uv": [9, 4, 10, 13], "texture": "#up"},
				"south": {"uv": [9, 4, 10, 13], "texture": "#up"},
				"west": {"uv": [9, 4, 10, 13], "texture": "#up"},
				"up": {"uv": [9, 4, 10, 13], "texture": "#up"},
				"down": {"uv": [9, 4, 10, 13], "texture": "#up"}
			}
		},
		{
			"from": [12, 16, 4],
			"to": [13, 17, 13],
			"rotation": {"angle": 0, "axis": "y", "origin": [20, 24, 12]},
			"faces": {
				"north": {"uv": [12, 4, 13, 13], "texture": "#up"},
				"east": {"uv": [12, 4, 13, 13], "texture": "#up"},
				"south": {"uv": [12, 4, 13, 13], "texture": "#up"},
				"west": {"uv": [12, 4, 13, 13], "texture": "#up"},
				"up": {"uv": [12, 4, 13, 13], "texture": "#up"},
				"down": {"uv": [12, 4, 13, 13], "texture": "#up"}
			}
		},
		{
			"from": [0, 16, 0],
			"to": [1, 17, 5],
			"rotation": {"angle": 0, "axis": "y", "origin": [8, 24, 8]},
			"faces": {
				"north": {"uv": [0, 0, 5, 1], "texture": "#up"},
				"east": {"uv": [0, 0, 5, 1], "texture": "#up"},
				"south": {"uv": [0, 0, 5, 1], "texture": "#up"},
				"west": {"uv": [0, 0, 5, 1], "texture": "#up"},
				"up": {"uv": [0, 0, 5, 1], "texture": "#up"},
				"down": {"uv": [0, 0, 5, 1], "texture": "#up"}
			}
		},
		{
			"from": [0, 16, 5],
			"to": [1, 17, 11],
			"rotation": {"angle": 0, "axis": "y", "origin": [8, 24, 13]},
			"faces": {
				"north": {"uv": [0, 0, 5, 1], "texture": "#up"},
				"east": {"uv": [0, 0, 5, 1], "texture": "#up"},
				"south": {"uv": [0, 0, 5, 1], "texture": "#up"},
				"west": {"uv": [0, 0, 5, 1], "texture": "#up"},
				"up": {"uv": [5, 0, 11, 1], "texture": "#up"},
				"down": {"uv": [0, 0, 5, 1], "texture": "#up"}
			}
		},
		{
			"from": [15, 16, 5],
			"to": [16, 17, 11],
			"rotation": {"angle": 0, "axis": "y", "origin": [23, 24, 13]},
			"faces": {
				"north": {"uv": [0, 0, 5, 1], "texture": "#up"},
				"east": {"uv": [0, 0, 5, 1], "texture": "#up"},
				"south": {"uv": [0, 0, 5, 1], "texture": "#up"},
				"west": {"uv": [0, 0, 5, 1], "texture": "#up"},
				"up": {"uv": [5, 15, 11, 16], "texture": "#up"},
				"down": {"uv": [0, 0, 5, 1], "texture": "#up"}
			}
		},
		{
			"from": [5, 16, 15],
			"to": [11, 17, 16],
			"rotation": {"angle": 0, "axis": "y", "origin": [13, 24, 23]},
			"faces": {
				"north": {"uv": [0, 5, 1, 11], "texture": "#up"},
				"east": {"uv": [0, 5, 1, 11], "texture": "#up"},
				"south": {"uv": [0, 5, 1, 11], "texture": "#up"},
				"west": {"uv": [0, 5, 1, 11], "texture": "#up"},
				"up": {"uv": [0, 5, 1, 11], "texture": "#up"},
				"down": {"uv": [0, 5, 1, 11], "texture": "#up"}
			}
		},
		{
			"from": [5, 16, 0],
			"to": [11, 17, 1],
			"rotation": {"angle": 0, "axis": "y", "origin": [13, 24, 8]},
			"faces": {
				"north": {"uv": [15, 5, 16, 11], "texture": "#up"},
				"east": {"uv": [15, 5, 16, 11], "texture": "#up"},
				"south": {"uv": [15, 5, 16, 11], "texture": "#up"},
				"west": {"uv": [15, 5, 16, 11], "texture": "#up"},
				"up": {"uv": [15, 5, 16, 11], "texture": "#up"},
				"down": {"uv": [15, 5, 16, 11], "texture": "#up"}
			}
		},
		{
			"from": [15, 16, 0],
			"to": [16, 17, 5],
			"rotation": {"angle": 0, "axis": "y", "origin": [23, 24, 8]},
			"faces": {
				"north": {"uv": [0, 0, 1, 1], "texture": "#up"},
				"east": {"uv": [0, 0, 5, 1], "texture": "#up"},
				"south": {"uv": [0, 0, 1, 1], "texture": "#up"},
				"west": {"uv": [0, 0, 5, 1], "texture": "#up"},
				"up": {"uv": [0, 0, 1, 5], "texture": "#up"},
				"down": {"uv": [0, 0, 1, 5], "texture": "#up"}
			}
		},
		{
			"from": [15, 16, 11],
			"to": [16, 17, 16],
			"rotation": {"angle": 0, "axis": "y", "origin": [23, 24, 19]},
			"faces": {
				"north": {"uv": [0, 0, 1, 1], "texture": "#up"},
				"east": {"uv": [0, 0, 5, 1], "texture": "#up"},
				"south": {"uv": [0, 0, 1, 1], "texture": "#up"},
				"west": {"uv": [0, 0, 5, 1], "texture": "#up"},
				"up": {"uv": [0, 0, 1, 5], "texture": "#up"},
				"down": {"uv": [0, 0, 1, 5], "texture": "#up"}
			}
		},
		{
			"from": [0, 16, 11],
			"to": [1, 17, 16],
			"rotation": {"angle": 0, "axis": "y", "origin": [8, 24, 19]},
			"faces": {
				"north": {"uv": [0, 0, 1, 1], "texture": "#up"},
				"east": {"uv": [0, 0, 5, 1], "texture": "#up"},
				"south": {"uv": [0, 0, 1, 1], "texture": "#up"},
				"west": {"uv": [0, 0, 5, 1], "texture": "#up"},
				"up": {"uv": [0, 0, 1, 5], "texture": "#up"},
				"down": {"uv": [0, 0, 1, 5], "texture": "#up"}
			}
		},
		{
			"from": [1, 16, 12],
			"to": [2, 17, 13],
			"rotation": {"angle": 0, "axis": "y", "origin": [9, 24, 20]},
			"faces": {
				"north": {"uv": [0, 0, 1, 1], "texture": "#up"},
				"east": {"uv": [0, 0, 1, 1], "texture": "#up"},
				"south": {"uv": [0, 0, 1, 1], "texture": "#up"},
				"west": {"uv": [0, 0, 1, 1], "texture": "#up"},
				"up": {"uv": [0, 0, 1, 1], "texture": "#up"},
				"down": {"uv": [0, 0, 1, 1], "texture": "#up"}
			}
		},
		{
			"from": [2, 16, 13],
			"to": [3, 17, 14],
			"rotation": {"angle": 0, "axis": "y", "origin": [10, 24, 21]},
			"faces": {
				"north": {"uv": [0, 0, 1, 1], "texture": "#up"},
				"east": {"uv": [0, 0, 1, 1], "texture": "#up"},
				"south": {"uv": [0, 0, 1, 1], "texture": "#up"},
				"west": {"uv": [0, 0, 1, 1], "texture": "#up"},
				"up": {"uv": [0, 0, 1, 1], "texture": "#up"},
				"down": {"uv": [0, 0, 1, 1], "texture": "#up"}
			}
		},
		{
			"from": [3, 16, 14],
			"to": [4, 17, 15],
			"rotation": {"angle": 0, "axis": "y", "origin": [11, 24, 22]},
			"faces": {
				"north": {"uv": [0, 0, 1, 1], "texture": "#up"},
				"east": {"uv": [0, 0, 1, 1], "texture": "#up"},
				"south": {"uv": [0, 0, 1, 1], "texture": "#up"},
				"west": {"uv": [0, 0, 1, 1], "texture": "#up"},
				"up": {"uv": [0, 0, 1, 1], "texture": "#up"},
				"down": {"uv": [0, 0, 1, 1], "texture": "#up"}
			}
		},
		{
			"from": [12, 16, 14],
			"to": [13, 17, 15],
			"rotation": {"angle": 0, "axis": "y", "origin": [20, 24, 22]},
			"faces": {
				"north": {"uv": [0, 0, 1, 1], "texture": "#up"},
				"east": {"uv": [0, 0, 1, 1], "texture": "#up"},
				"south": {"uv": [0, 0, 1, 1], "texture": "#up"},
				"west": {"uv": [0, 0, 1, 1], "texture": "#up"},
				"up": {"uv": [0, 0, 1, 1], "texture": "#up"},
				"down": {"uv": [0, 0, 1, 1], "texture": "#up"}
			}
		},
		{
			"from": [13, 16, 13],
			"to": [14, 17, 14],
			"rotation": {"angle": 0, "axis": "y", "origin": [21, 24, 21]},
			"faces": {
				"north": {"uv": [0, 0, 1, 1], "texture": "#up"},
				"east": {"uv": [0, 0, 1, 1], "texture": "#up"},
				"south": {"uv": [0, 0, 1, 1], "texture": "#up"},
				"west": {"uv": [0, 0, 1, 1], "texture": "#up"},
				"up": {"uv": [0, 0, 1, 1], "texture": "#up"},
				"down": {"uv": [0, 0, 1, 1], "texture": "#up"}
			}
		},
		{
			"from": [14, 16, 12],
			"to": [15, 17, 13],
			"rotation": {"angle": 0, "axis": "y", "origin": [22, 24, 20]},
			"faces": {
				"north": {"uv": [0, 0, 1, 1], "texture": "#up"},
				"east": {"uv": [0, 0, 1, 1], "texture": "#up"},
				"south": {"uv": [0, 0, 1, 1], "texture": "#up"},
				"west": {"uv": [0, 0, 1, 1], "texture": "#up"},
				"up": {"uv": [0, 0, 1, 1], "texture": "#up"},
				"down": {"uv": [0, 0, 1, 1], "texture": "#up"}
			}
		},
		{
			"from": [14, 16, 3],
			"to": [15, 17, 4],
			"rotation": {"angle": 0, "axis": "y", "origin": [22, 24, 11]},
			"faces": {
				"north": {"uv": [0, 0, 1, 1], "texture": "#up"},
				"east": {"uv": [0, 0, 1, 1], "texture": "#up"},
				"south": {"uv": [0, 0, 1, 1], "texture": "#up"},
				"west": {"uv": [0, 0, 1, 1], "texture": "#up"},
				"up": {"uv": [0, 0, 1, 1], "texture": "#up"},
				"down": {"uv": [0, 0, 1, 1], "texture": "#up"}
			}
		},
		{
			"from": [13, 16, 2],
			"to": [14, 17, 3],
			"rotation": {"angle": 0, "axis": "y", "origin": [21, 24, 10]},
			"faces": {
				"north": {"uv": [0, 0, 1, 1], "texture": "#up"},
				"east": {"uv": [0, 0, 1, 1], "texture": "#up"},
				"south": {"uv": [0, 0, 1, 1], "texture": "#up"},
				"west": {"uv": [0, 0, 1, 1], "texture": "#up"},
				"up": {"uv": [0, 0, 1, 1], "texture": "#up"},
				"down": {"uv": [0, 0, 1, 1], "texture": "#up"}
			}
		},
		{
			"from": [12, 16, 1],
			"to": [13, 17, 2],
			"rotation": {"angle": 0, "axis": "y", "origin": [20, 24, 9]},
			"faces": {
				"north": {"uv": [0, 0, 1, 1], "texture": "#up"},
				"east": {"uv": [0, 0, 1, 1], "texture": "#up"},
				"south": {"uv": [0, 0, 1, 1], "texture": "#up"},
				"west": {"uv": [0, 0, 1, 1], "texture": "#up"},
				"up": {"uv": [0, 0, 1, 1], "texture": "#up"},
				"down": {"uv": [0, 0, 1, 1], "texture": "#up"}
			}
		},
		{
			"from": [2, 16, 2],
			"to": [3, 17, 3],
			"rotation": {"angle": 0, "axis": "y", "origin": [10, 24, 10]},
			"faces": {
				"north": {"uv": [0, 0, 1, 1], "texture": "#up"},
				"east": {"uv": [0, 0, 1, 1], "texture": "#up"},
				"south": {"uv": [0, 0, 1, 1], "texture": "#up"},
				"west": {"uv": [0, 0, 1, 1], "texture": "#up"},
				"up": {"uv": [0, 0, 1, 1], "texture": "#up"},
				"down": {"uv": [0, 0, 1, 1], "texture": "#up"}
			}
		},
		{
			"from": [1, 16, 3],
			"to": [2, 17, 4],
			"rotation": {"angle": 0, "axis": "y", "origin": [9, 24, 11]},
			"faces": {
				"north": {"uv": [0, 0, 1, 1], "texture": "#up"},
				"east": {"uv": [0, 0, 1, 1], "texture": "#up"},
				"south": {"uv": [0, 0, 1, 1], "texture": "#up"},
				"west": {"uv": [0, 0, 1, 1], "texture": "#up"},
				"up": {"uv": [0, 0, 1, 1], "texture": "#up"},
				"down": {"uv": [0, 0, 1, 1], "texture": "#up"}
			}
		},
		{
			"from": [1, 16, 0],
			"to": [5, 17, 1],
			"rotation": {"angle": 0, "axis": "y", "origin": [9, 24, 8]},
			"faces": {
				"north": {"uv": [0, 0, 4, 1], "texture": "#up"},
				"east": {"uv": [0, 0, 4, 1], "texture": "#up"},
				"south": {"uv": [0, 0, 4, 1], "texture": "#up"},
				"west": {"uv": [0, 0, 4, 1], "texture": "#up"},
				"up": {"uv": [0, 0, 4, 1], "texture": "#up"},
				"down": {"uv": [0, 0, 4, 1], "texture": "#up"}
			}
		},
		{
			"from": [11, 16, 0],
			"to": [15, 17, 1],
			"rotation": {"angle": 0, "axis": "y", "origin": [19, 24, 8]},
			"faces": {
				"north": {"uv": [0, 0, 4, 1], "texture": "#up"},
				"east": {"uv": [0, 0, 1, 1], "texture": "#up"},
				"south": {"uv": [0, 0, 4, 1], "texture": "#up"},
				"west": {"uv": [0, 0, 1, 1], "texture": "#up"},
				"up": {"uv": [0, 0, 4, 1], "texture": "#up"},
				"down": {"uv": [0, 0, 4, 1], "texture": "#up"}
			}
		},
		{
			"from": [11, 16, 15],
			"to": [15, 17, 16],
			"rotation": {"angle": 0, "axis": "y", "origin": [19, 24, 23]},
			"faces": {
				"north": {"uv": [0, 0, 4, 1], "texture": "#up"},
				"east": {"uv": [0, 0, 1, 1], "texture": "#up"},
				"south": {"uv": [0, 0, 4, 1], "texture": "#up"},
				"west": {"uv": [0, 0, 1, 1], "texture": "#up"},
				"up": {"uv": [0, 0, 4, 1], "texture": "#up"},
				"down": {"uv": [0, 0, 4, 1], "texture": "#up"}
			}
		},
		{
			"from": [1, 16, 15],
			"to": [5, 17, 16],
			"rotation": {"angle": 0, "axis": "y", "origin": [9, 24, 23]},
			"faces": {
				"north": {"uv": [0, 0, 4, 1], "texture": "#up"},
				"east": {"uv": [0, 0, 1, 1], "texture": "#up"},
				"south": {"uv": [0, 0, 4, 1], "texture": "#up"},
				"west": {"uv": [0, 0, 1, 1], "texture": "#up"},
				"up": {"uv": [0, 0, 4, 1], "texture": "#up"},
				"down": {"uv": [0, 0, 4, 1], "texture": "#up"}
			}
		},
		{
			"from": [3, 16, 1],
			"to": [4, 17, 2],
			"rotation": {"angle": 0, "axis": "y", "origin": [11, 24, 9]},
			"faces": {
				"north": {"uv": [0, 0, 1, 1], "texture": "#up"},
				"east": {"uv": [0, 0, 1, 1], "texture": "#up"},
				"south": {"uv": [0, 0, 1, 1], "texture": "#up"},
				"west": {"uv": [0, 0, 1, 1], "texture": "#up"},
				"up": {"uv": [0, 0, 1, 1], "texture": "#up"},
				"down": {"uv": [0, 0, 1, 1], "texture": "#up"}
			}
		},
		{
			"from": [2, 3, -1],
			"to": [3, 10, 0],
			"rotation": {"angle": 0, "axis": "y", "origin": [10, 11, 7]},
			"faces": {
				"north": {"uv": [13, 6, 14, 13], "texture": "#north"},
				"east": {"uv": [13, 6, 14, 13], "texture": "#north"},
				"south": {"uv": [13, 6, 14, 13], "texture": "#north"},
				"west": {"uv": [13, 6, 14, 13], "texture": "#north"},
				"up": {"uv": [13, 6, 14, 13], "texture": "#north"},
				"down": {"uv": [13, 6, 14, 13], "texture": "#north"}
			}
		},
		{
			"from": [3, 5, -1],
			"to": [4, 10, 0],
			"rotation": {"angle": 0, "axis": "y", "origin": [11, 13, 7]},
			"faces": {
				"north": {"uv": [12, 6, 13, 11], "texture": "#north"},
				"east": {"uv": [12, 6, 13, 11], "texture": "#north"},
				"south": {"uv": [12, 6, 13, 11], "texture": "#north"},
				"west": {"uv": [12, 6, 13, 11], "texture": "#north"},
				"up": {"uv": [12, 6, 13, 11], "texture": "#north"},
				"down": {"uv": [12, 6, 13, 11], "texture": "#north"}
			}
		},
		{
			"from": [4, 7, -1],
			"to": [5, 10, 0],
			"rotation": {"angle": 0, "axis": "y", "origin": [12, 15, 7]},
			"faces": {
				"north": {"uv": [11, 6, 12, 9], "texture": "#north"},
				"east": {"uv": [11, 6, 12, 9], "texture": "#north"},
				"south": {"uv": [11, 6, 12, 9], "texture": "#north"},
				"west": {"uv": [11, 6, 12, 9], "texture": "#north"},
				"up": {"uv": [11, 6, 12, 9], "texture": "#north"},
				"down": {"uv": [11, 6, 12, 9], "texture": "#north"}
			}
		},
		{
			"from": [4, 11, -1],
			"to": [5, 12, 0],
			"rotation": {"angle": 0, "axis": "y", "origin": [12, 19, 7]},
			"faces": {
				"north": {"uv": [13, 4, 14, 5], "texture": "#north"},
				"east": {"uv": [13, 4, 14, 5], "texture": "#north"},
				"south": {"uv": [13, 4, 14, 5], "texture": "#north"},
				"west": {"uv": [13, 4, 14, 5], "texture": "#north"},
				"up": {"uv": [13, 4, 14, 5], "texture": "#north"},
				"down": {"uv": [13, 4, 14, 5], "texture": "#north"}
			}
		},
		{
			"from": [2, 11, -1],
			"to": [3, 12, 0],
			"rotation": {"angle": 0, "axis": "y", "origin": [10, 19, 7]},
			"faces": {
				"north": {"uv": [11, 4, 12, 5], "texture": "#north"},
				"east": {"uv": [11, 4, 12, 5], "texture": "#north"},
				"south": {"uv": [11, 4, 12, 5], "texture": "#north"},
				"west": {"uv": [11, 4, 12, 5], "texture": "#north"},
				"up": {"uv": [11, 4, 12, 5], "texture": "#north"},
				"down": {"uv": [11, 4, 12, 5], "texture": "#north"}
			}
		},
		{
			"from": [2, 10, -1],
			"to": [5, 11, 0],
			"rotation": {"angle": 0, "axis": "y", "origin": [10, 18, 7]},
			"faces": {
				"north": {"uv": [11, 5, 14, 6], "texture": "#north"},
				"east": {"uv": [11, 5, 14, 6], "texture": "#north"},
				"south": {"uv": [11, 5, 14, 6], "texture": "#north"},
				"west": {"uv": [11, 5, 14, 6], "texture": "#north"},
				"up": {"uv": [11, 5, 14, 6], "texture": "#north"},
				"down": {"uv": [11, 5, 14, 6], "texture": "#north"}
			}
		},
		{
			"from": [2, 12, -1],
			"to": [5, 13, 0],
			"rotation": {"angle": 0, "axis": "y", "origin": [10, 20, 7]},
			"faces": {
				"north": {"uv": [11, 3, 14, 4], "texture": "#north"},
				"east": {"uv": [11, 3, 14, 4], "texture": "#north"},
				"south": {"uv": [11, 3, 14, 4], "texture": "#north"},
				"west": {"uv": [11, 3, 14, 4], "texture": "#north"},
				"up": {"uv": [11, 3, 14, 4], "texture": "#north"},
				"down": {"uv": [11, 3, 14, 4], "texture": "#north"}
			}
		},
		{
			"from": [12, 7, -1],
			"to": [13, 11, 0],
			"rotation": {"angle": 0, "axis": "y", "origin": [20, 15, 7]},
			"faces": {
				"north": {"uv": [3, 5, 4, 9], "texture": "#north"},
				"east": {"uv": [3, 5, 4, 9], "texture": "#north"},
				"south": {"uv": [3, 5, 4, 9], "texture": "#north"},
				"west": {"uv": [3, 5, 4, 9], "texture": "#north"},
				"up": {"uv": [3, 5, 4, 9], "texture": "#north"},
				"down": {"uv": [3, 5, 4, 9], "texture": "#north"}
			}
		},
		{
			"from": [11, 5, -1],
			"to": [14, 7, 0],
			"rotation": {"angle": 0, "axis": "y", "origin": [19, 13, 7]},
			"faces": {
				"north": {"uv": [2, 9, 5, 11], "texture": "#north"},
				"east": {"uv": [2, 9, 5, 11], "texture": "#north"},
				"south": {"uv": [2, 9, 5, 11], "texture": "#north"},
				"west": {"uv": [2, 9, 5, 11], "texture": "#north"},
				"up": {"uv": [2, 9, 5, 11], "texture": "#north"},
				"down": {"uv": [2, 9, 5, 11], "texture": "#north"}
			}
		},
		{
			"name": "spawn_egg_0",
			"from": [7, 17, 2],
			"to": [9, 18, 4],
			"rotation": {"angle": 0, "axis": "z", "origin": [8, 10, 8]},
			"faces": {
				"north": {"uv": [9, 2, 7, 3], "rotation": 180, "texture": "#4"},
				"east": {"uv": [7, 2, 8, 4], "rotation": 90, "texture": "#4"},
				"south": {"uv": [7, 3, 9, 4], "rotation": 180, "texture": "#4"},
				"west": {"uv": [8, 2, 9, 4], "rotation": 270, "texture": "#4"},
				"up": {"uv": [7, 4, 9, 2], "rotation": 180, "texture": "#4"},
				"down": {"uv": [7, 2, 9, 4], "rotation": 180, "texture": "#4"}
			}
		},
		{
			"name": "spawn_egg_1",
			"from": [6, 17, 3],
			"to": [7, 18, 7],
			"rotation": {"angle": 0, "axis": "z", "origin": [8, 10, 8]},
			"faces": {
				"north": {"uv": [10, 3, 9, 4], "rotation": 180, "texture": "#4"},
				"east": {"uv": [9, 3, 10, 7], "rotation": 90, "texture": "#4"},
				"south": {"uv": [9, 6, 10, 7], "rotation": 180, "texture": "#4"},
				"west": {"uv": [9, 3, 10, 7], "rotation": 270, "texture": "#4"},
				"up": {"uv": [9, 7, 10, 3], "rotation": 180, "texture": "#4"},
				"down": {"uv": [9, 3, 10, 7], "rotation": 180, "texture": "#4"}
			}
		},
		{
			"name": "spawn_egg_2",
			"from": [7, 17, 4],
			"to": [8, 18, 11],
			"rotation": {"angle": 0, "axis": "z", "origin": [8, 10, 8]},
			"faces": {
				"north": {"uv": [9, 4, 8, 5], "rotation": 180, "texture": "#4"},
				"east": {"uv": [8, 4, 9, 11], "rotation": 90, "texture": "#4"},
				"south": {"uv": [8, 10, 9, 11], "rotation": 180, "texture": "#4"},
				"west": {"uv": [8, 4, 9, 11], "rotation": 270, "texture": "#4"},
				"up": {"uv": [8, 11, 9, 4], "rotation": 180, "texture": "#4"},
				"down": {"uv": [8, 4, 9, 11], "rotation": 180, "texture": "#4"}
			}
		},
		{
			"name": "spawn_egg_3",
			"from": [4, 17, 5],
			"to": [5, 18, 11],
			"rotation": {"angle": 0, "axis": "z", "origin": [8, 10, 8]},
			"faces": {
				"north": {"uv": [12, 5, 11, 6], "rotation": 180, "texture": "#4"},
				"east": {"uv": [11, 5, 12, 11], "rotation": 90, "texture": "#4"},
				"south": {"uv": [11, 10, 12, 11], "rotation": 180, "texture": "#4"},
				"west": {"uv": [11, 5, 12, 11], "rotation": 270, "texture": "#4"},
				"up": {"uv": [11, 11, 12, 5], "rotation": 180, "texture": "#4"},
				"down": {"uv": [11, 5, 12, 11], "rotation": 180, "texture": "#4"}
			}
		},
		{
			"name": "spawn_egg_4",
			"from": [11, 17, 6],
			"to": [13, 18, 9],
			"rotation": {"angle": 0, "axis": "z", "origin": [8, 10, 8]},
			"faces": {
				"north": {"uv": [5, 6, 3, 7], "rotation": 180, "texture": "#4"},
				"east": {"uv": [3, 6, 4, 9], "rotation": 90, "texture": "#4"},
				"south": {"uv": [3, 8, 5, 9], "rotation": 180, "texture": "#4"},
				"west": {"uv": [4, 6, 5, 9], "rotation": 270, "texture": "#4"},
				"up": {"uv": [3, 9, 5, 6], "rotation": 180, "texture": "#4"},
				"down": {"uv": [3, 6, 5, 9], "rotation": 180, "texture": "#4"}
			}
		},
		{
			"name": "spawn_egg_5",
			"from": [8, 17, 6],
			"to": [9, 18, 10],
			"rotation": {"angle": 0, "axis": "z", "origin": [8, 10, 8]},
			"faces": {
				"north": {"uv": [8, 6, 7, 7], "rotation": 180, "texture": "#4"},
				"east": {"uv": [7, 6, 8, 10], "rotation": 90, "texture": "#4"},
				"south": {"uv": [7, 9, 8, 10], "rotation": 180, "texture": "#4"},
				"west": {"uv": [7, 6, 8, 10], "rotation": 270, "texture": "#4"},
				"up": {"uv": [7, 10, 8, 6], "rotation": 180, "texture": "#4"},
				"down": {"uv": [7, 6, 8, 10], "rotation": 180, "texture": "#4"}
			}
		},
		{
			"name": "spawn_egg_6",
			"from": [5, 17, 6],
			"to": [6, 18, 7],
			"rotation": {"angle": 0, "axis": "z", "origin": [8, 10, 8]},
			"faces": {
				"north": {"uv": [11, 6, 10, 7], "rotation": 180, "texture": "#4"},
				"east": {"uv": [10, 6, 11, 7], "rotation": 90, "texture": "#4"},
				"south": {"uv": [10, 6, 11, 7], "rotation": 180, "texture": "#4"},
				"west": {"uv": [10, 6, 11, 7], "rotation": 270, "texture": "#4"},
				"up": {"uv": [10, 7, 11, 6], "rotation": 180, "texture": "#4"},
				"down": {"uv": [10, 6, 11, 7], "rotation": 180, "texture": "#4"}
			}
		},
		{
			"name": "spawn_egg_7",
			"from": [3, 17, 6],
			"to": [4, 18, 10],
			"rotation": {"angle": 0, "axis": "z", "origin": [8, 10, 8]},
			"faces": {
				"north": {"uv": [13, 6, 12, 7], "rotation": 180, "texture": "#4"},
				"east": {"uv": [12, 6, 13, 10], "rotation": 90, "texture": "#4"},
				"south": {"uv": [12, 9, 13, 10], "rotation": 180, "texture": "#4"},
				"west": {"uv": [12, 6, 13, 10], "rotation": 270, "texture": "#4"},
				"up": {"uv": [12, 10, 13, 6], "rotation": 180, "texture": "#4"},
				"down": {"uv": [12, 6, 13, 10], "rotation": 180, "texture": "#4"}
			}
		},
		{
			"name": "spawn_egg_8",
			"from": [9, 17, 7],
			"to": [11, 18, 8],
			"rotation": {"angle": 0, "axis": "z", "origin": [8, 10, 8]},
			"faces": {
				"north": {"uv": [7, 7, 5, 8], "rotation": 180, "texture": "#4"},
				"east": {"uv": [5, 7, 6, 8], "rotation": 90, "texture": "#4"},
				"south": {"uv": [5, 7, 7, 8], "rotation": 180, "texture": "#4"},
				"west": {"uv": [6, 7, 7, 8], "rotation": 270, "texture": "#4"},
				"up": {"uv": [5, 8, 7, 7], "rotation": 180, "texture": "#4"},
				"down": {"uv": [5, 7, 7, 8], "rotation": 180, "texture": "#4"}
			}
		},
		{
			"name": "spawn_egg_9",
			"from": [13, 17, 8],
			"to": [14, 18, 9],
			"rotation": {"angle": 0, "axis": "z", "origin": [8, 10, 8]},
			"faces": {
				"north": {"uv": [3, 8, 2, 9], "rotation": 180, "texture": "#4"},
				"east": {"uv": [2, 8, 3, 9], "rotation": 90, "texture": "#4"},
				"south": {"uv": [2, 8, 3, 9], "rotation": 180, "texture": "#4"},
				"west": {"uv": [2, 8, 3, 9], "rotation": 270, "texture": "#4"},
				"up": {"uv": [2, 9, 3, 8], "rotation": 180, "texture": "#4"},
				"down": {"uv": [2, 8, 3, 9], "rotation": 180, "texture": "#4"}
			}
		},
		{
			"name": "spawn_egg_10",
			"from": [2, 17, 8],
			"to": [3, 18, 11],
			"rotation": {"angle": 0, "axis": "z", "origin": [8, 10, 8]},
			"faces": {
				"north": {"uv": [14, 8, 13, 9], "rotation": 180, "texture": "#4"},
				"east": {"uv": [13, 8, 14, 11], "rotation": 90, "texture": "#4"},
				"south": {"uv": [13, 10, 14, 11], "rotation": 180, "texture": "#4"},
				"west": {"uv": [13, 8, 14, 11], "rotation": 270, "texture": "#4"},
				"up": {"uv": [13, 11, 14, 8], "rotation": 180, "texture": "#4"},
				"down": {"uv": [13, 8, 14, 11], "rotation": 180, "texture": "#4"}
			}
		},
		{
			"name": "spawn_egg_11",
			"from": [11, 17, 9],
			"to": [12, 18, 14],
			"rotation": {"angle": 0, "axis": "z", "origin": [8, 10, 8]},
			"faces": {
				"north": {"uv": [5, 9, 4, 10], "rotation": 180, "texture": "#4"},
				"east": {"uv": [4, 9, 5, 14], "rotation": 90, "texture": "#4"},
				"south": {"uv": [4, 13, 5, 14], "rotation": 180, "texture": "#4"},
				"west": {"uv": [4, 9, 5, 14], "rotation": 270, "texture": "#4"},
				"up": {"uv": [4, 14, 5, 9], "rotation": 180, "texture": "#4"},
				"down": {"uv": [4, 9, 5, 14], "rotation": 180, "texture": "#4"}
			}
		},
		{
			"name": "spawn_egg_12",
			"from": [9, 17, 9],
			"to": [10, 18, 11],
			"rotation": {"angle": 0, "axis": "z", "origin": [8, 10, 8]},
			"faces": {
				"north": {"uv": [7, 9, 6, 10], "rotation": 180, "texture": "#4"},
				"east": {"uv": [6, 9, 7, 11], "rotation": 90, "texture": "#4"},
				"south": {"uv": [6, 10, 7, 11], "rotation": 180, "texture": "#4"},
				"west": {"uv": [6, 9, 7, 11], "rotation": 270, "texture": "#4"},
				"up": {"uv": [6, 11, 7, 9], "rotation": 180, "texture": "#4"},
				"down": {"uv": [6, 9, 7, 11], "rotation": 180, "texture": "#4"}
			}
		},
		{
			"name": "spawn_egg_13",
			"from": [5, 17, 9],
			"to": [7, 18, 11],
			"rotation": {"angle": 0, "axis": "z", "origin": [8, 10, 8]},
			"faces": {
				"north": {"uv": [11, 9, 9, 10], "rotation": 180, "texture": "#4"},
				"east": {"uv": [9, 9, 10, 11], "rotation": 90, "texture": "#4"},
				"south": {"uv": [9, 10, 11, 11], "rotation": 180, "texture": "#4"},
				"west": {"uv": [10, 9, 11, 11], "rotation": 270, "texture": "#4"},
				"up": {"uv": [9, 11, 11, 9], "rotation": 180, "texture": "#4"},
				"down": {"uv": [9, 9, 11, 11], "rotation": 180, "texture": "#4"}
			}
		},
		{
			"name": "spawn_egg_14",
			"from": [10, 17, 10],
			"to": [11, 18, 14],
			"rotation": {"angle": 0, "axis": "z", "origin": [8, 10, 8]},
			"faces": {
				"north": {"uv": [6, 10, 5, 11], "rotation": 180, "texture": "#4"},
				"east": {"uv": [5, 10, 6, 14], "rotation": 90, "texture": "#4"},
				"south": {"uv": [5, 13, 6, 14], "rotation": 180, "texture": "#4"},
				"west": {"uv": [5, 10, 6, 14], "rotation": 270, "texture": "#4"},
				"up": {"uv": [5, 14, 6, 10], "rotation": 180, "texture": "#4"},
				"down": {"uv": [5, 10, 6, 14], "rotation": 180, "texture": "#4"}
			}
		},
		{
			"name": "spawn_egg_15",
			"from": [12, 17, 11],
			"to": [13, 18, 13],
			"rotation": {"angle": 0, "axis": "z", "origin": [8, 10, 8]},
			"faces": {
				"north": {"uv": [4, 11, 3, 12], "rotation": 180, "texture": "#4"},
				"east": {"uv": [3, 11, 4, 13], "rotation": 90, "texture": "#4"},
				"south": {"uv": [3, 12, 4, 13], "rotation": 180, "texture": "#4"},
				"west": {"uv": [3, 11, 4, 13], "rotation": 270, "texture": "#4"},
				"up": {"uv": [3, 13, 4, 11], "rotation": 180, "texture": "#4"},
				"down": {"uv": [3, 11, 4, 13], "rotation": 180, "texture": "#4"}
			}
		},
		{
			"name": "spawn_egg_16",
			"from": [6, 17, 11],
			"to": [7, 18, 15],
			"rotation": {"angle": 0, "axis": "z", "origin": [8, 10, 8]},
			"faces": {
				"north": {"uv": [10, 11, 9, 12], "rotation": 180, "texture": "#4"},
				"east": {"uv": [9, 11, 10, 15], "rotation": 90, "texture": "#4"},
				"south": {"uv": [9, 14, 10, 15], "rotation": 180, "texture": "#4"},
				"west": {"uv": [9, 11, 10, 15], "rotation": 270, "texture": "#4"},
				"up": {"uv": [9, 15, 10, 11], "rotation": 180, "texture": "#4"},
				"down": {"uv": [9, 11, 10, 15], "rotation": 180, "texture": "#4"}
			}
		},
		{
			"name": "spawn_egg_17",
			"from": [7, 17, 13],
			"to": [10, 18, 14],
			"rotation": {"angle": 0, "axis": "z", "origin": [8, 10, 8]},
			"faces": {
				"north": {"uv": [9, 13, 6, 14], "rotation": 180, "texture": "#4"},
				"east": {"uv": [6, 13, 7, 14], "rotation": 90, "texture": "#4"},
				"south": {"uv": [6, 13, 9, 14], "rotation": 180, "texture": "#4"},
				"west": {"uv": [8, 13, 9, 14], "rotation": 270, "texture": "#4"},
				"up": {"uv": [6, 14, 9, 13], "rotation": 180, "texture": "#4"},
				"down": {"uv": [6, 13, 9, 14], "rotation": 180, "texture": "#4"}
			}
		},
		{
			"name": "spawn_egg_18",
			"from": [5, 17, 13],
			"to": [6, 18, 14],
			"rotation": {"angle": 0, "axis": "z", "origin": [8, 10, 8]},
			"faces": {
				"north": {"uv": [11, 13, 10, 14], "rotation": 180, "texture": "#4"},
				"east": {"uv": [10, 13, 11, 14], "rotation": 90, "texture": "#4"},
				"south": {"uv": [10, 13, 11, 14], "rotation": 180, "texture": "#4"},
				"west": {"uv": [10, 13, 11, 14], "rotation": 270, "texture": "#4"},
				"up": {"uv": [10, 14, 11, 13], "rotation": 180, "texture": "#4"},
				"down": {"uv": [10, 13, 11, 14], "rotation": 180, "texture": "#4"}
			}
		},
		{
			"name": "spawn_egg_19",
			"from": [9, 17, 14],
			"to": [10, 18, 15],
			"rotation": {"angle": 0, "axis": "z", "origin": [8, 10, 8]},
			"faces": {
				"north": {"uv": [7, 14, 6, 15], "rotation": 180, "texture": "#4"},
				"east": {"uv": [6, 14, 7, 15], "rotation": 90, "texture": "#4"},
				"south": {"uv": [6, 14, 7, 15], "rotation": 180, "texture": "#4"},
				"west": {"uv": [6, 14, 7, 15], "rotation": 270, "texture": "#4"},
				"up": {"uv": [6, 15, 7, 14], "rotation": 180, "texture": "#4"},
				"down": {"uv": [6, 14, 7, 15], "rotation": 180, "texture": "#4"}
			}
		},
		{
			"name": "spawn_egg_overlay_0",
			"from": [9, 17, 3],
			"to": [11, 18, 7],
			"rotation": {"angle": 0, "axis": "z", "origin": [8, 10, 8]},
			"faces": {
				"north": {"uv": [7, 3, 5, 4], "rotation": 180, "texture": "#5"},
				"east": {"uv": [5, 3, 6, 7], "rotation": 90, "texture": "#5"},
				"south": {"uv": [5, 6, 7, 7], "rotation": 180, "texture": "#5"},
				"west": {"uv": [6, 3, 7, 7], "rotation": 270, "texture": "#5"},
				"up": {"uv": [5, 7, 7, 3], "rotation": 180, "texture": "#5"},
				"down": {"uv": [5, 3, 7, 7], "rotation": 180, "texture": "#5"}
			}
		},
		{
			"name": "spawn_egg_overlay_1",
			"from": [5, 17, 3],
			"to": [6, 18, 6],
			"rotation": {"angle": 0, "axis": "z", "origin": [8, 10, 8]},
			"faces": {
				"north": {"uv": [11, 3, 10, 4], "rotation": 180, "texture": "#5"},
				"east": {"uv": [10, 3, 11, 6], "rotation": 90, "texture": "#5"},
				"south": {"uv": [10, 5, 11, 6], "rotation": 180, "texture": "#5"},
				"west": {"uv": [10, 3, 11, 6], "rotation": 270, "texture": "#5"},
				"up": {"uv": [10, 6, 11, 3], "rotation": 180, "texture": "#5"},
				"down": {"uv": [10, 3, 11, 6], "rotation": 180, "texture": "#5"}
			}
		},
		{
			"name": "spawn_egg_overlay_2",
			"from": [11, 17, 4],
			"to": [12, 18, 6],
			"rotation": {"angle": 0, "axis": "z", "origin": [8, 10, 8]},
			"faces": {
				"north": {"uv": [5, 4, 4, 5], "rotation": 180, "texture": "#5"},
				"east": {"uv": [4, 4, 5, 6], "rotation": 90, "texture": "#5"},
				"south": {"uv": [4, 5, 5, 6], "rotation": 180, "texture": "#5"},
				"west": {"uv": [4, 4, 5, 6], "rotation": 270, "texture": "#5"},
				"up": {"uv": [4, 6, 5, 4], "rotation": 180, "texture": "#5"},
				"down": {"uv": [4, 4, 5, 6], "rotation": 180, "texture": "#5"}
			}
		},
		{
			"name": "spawn_egg_overlay_3",
			"from": [8, 17, 4],
			"to": [9, 18, 6],
			"rotation": {"angle": 0, "axis": "z", "origin": [8, 10, 8]},
			"faces": {
				"north": {"uv": [8, 4, 7, 5], "rotation": 180, "texture": "#5"},
				"east": {"uv": [7, 4, 8, 6], "rotation": 90, "texture": "#5"},
				"south": {"uv": [7, 5, 8, 6], "rotation": 180, "texture": "#5"},
				"west": {"uv": [7, 4, 8, 6], "rotation": 270, "texture": "#5"},
				"up": {"uv": [7, 6, 8, 4], "rotation": 180, "texture": "#5"},
				"down": {"uv": [7, 4, 8, 6], "rotation": 180, "texture": "#5"}
			}
		},
		{
			"name": "spawn_egg_overlay_4",
			"from": [4, 17, 4],
			"to": [5, 18, 5],
			"rotation": {"angle": 0, "axis": "z", "origin": [8, 10, 8]},
			"faces": {
				"north": {"uv": [12, 4, 11, 5], "rotation": 180, "texture": "#5"},
				"east": {"uv": [11, 4, 12, 5], "rotation": 90, "texture": "#5"},
				"south": {"uv": [11, 4, 12, 5], "rotation": 180, "texture": "#5"},
				"west": {"uv": [11, 4, 12, 5], "rotation": 270, "texture": "#5"},
				"up": {"uv": [11, 5, 12, 4], "rotation": 180, "texture": "#5"},
				"down": {"uv": [11, 4, 12, 5], "rotation": 180, "texture": "#5"}
			}
		},
		{
			"name": "spawn_egg_overlay_5",
			"from": [5, 17, 7],
			"to": [7, 18, 9],
			"rotation": {"angle": 0, "axis": "z", "origin": [8, 10, 8]},
			"faces": {
				"north": {"uv": [11, 7, 9, 8], "rotation": 180, "texture": "#5"},
				"east": {"uv": [9, 7, 10, 9], "rotation": 90, "texture": "#5"},
				"south": {"uv": [9, 8, 11, 9], "rotation": 180, "texture": "#5"},
				"west": {"uv": [10, 7, 11, 9], "rotation": 270, "texture": "#5"},
				"up": {"uv": [9, 9, 11, 7], "rotation": 180, "texture": "#5"},
				"down": {"uv": [9, 7, 11, 9], "rotation": 180, "texture": "#5"}
			}
		},
		{
			"name": "spawn_egg_overlay_6",
			"from": [9, 17, 8],
			"to": [11, 18, 9],
			"rotation": {"angle": 0, "axis": "z", "origin": [8, 10, 8]},
			"faces": {
				"north": {"uv": [7, 8, 5, 9], "rotation": 180, "texture": "#5"},
				"east": {"uv": [5, 8, 6, 9], "rotation": 90, "texture": "#5"},
				"south": {"uv": [5, 8, 7, 9], "rotation": 180, "texture": "#5"},
				"west": {"uv": [6, 8, 7, 9], "rotation": 270, "texture": "#5"},
				"up": {"uv": [5, 9, 7, 8], "rotation": 180, "texture": "#5"},
				"down": {"uv": [5, 8, 7, 9], "rotation": 180, "texture": "#5"}
			}
		},
		{
			"name": "spawn_egg_overlay_7",
			"from": [12, 17, 9],
			"to": [14, 18, 11],
			"rotation": {"angle": 0, "axis": "z", "origin": [8, 10, 8]},
			"faces": {
				"north": {"uv": [4, 9, 2, 10], "rotation": 180, "texture": "#5"},
				"east": {"uv": [2, 9, 3, 11], "rotation": 90, "texture": "#5"},
				"south": {"uv": [2, 10, 4, 11], "rotation": 180, "texture": "#5"},
				"west": {"uv": [3, 9, 4, 11], "rotation": 270, "texture": "#5"},
				"up": {"uv": [2, 11, 4, 9], "rotation": 180, "texture": "#5"},
				"down": {"uv": [2, 9, 4, 11], "rotation": 180, "texture": "#5"}
			}
		},
		{
			"name": "spawn_egg_overlay_8",
			"from": [10, 17, 9],
			"to": [11, 18, 10],
			"rotation": {"angle": 0, "axis": "z", "origin": [8, 10, 8]},
			"faces": {
				"north": {"uv": [6, 9, 5, 10], "rotation": 180, "texture": "#5"},
				"east": {"uv": [5, 9, 6, 10], "rotation": 90, "texture": "#5"},
				"south": {"uv": [5, 9, 6, 10], "rotation": 180, "texture": "#5"},
				"west": {"uv": [5, 9, 6, 10], "rotation": 270, "texture": "#5"},
				"up": {"uv": [5, 10, 6, 9], "rotation": 180, "texture": "#5"},
				"down": {"uv": [5, 9, 6, 10], "rotation": 180, "texture": "#5"}
			}
		},
		{
			"name": "spawn_egg_overlay_9",
			"from": [8, 17, 10],
			"to": [9, 18, 13],
			"rotation": {"angle": 0, "axis": "z", "origin": [8, 10, 8]},
			"faces": {
				"north": {"uv": [8, 10, 7, 11], "rotation": 180, "texture": "#5"},
				"east": {"uv": [7, 10, 8, 13], "rotation": 90, "texture": "#5"},
				"south": {"uv": [7, 12, 8, 13], "rotation": 180, "texture": "#5"},
				"west": {"uv": [7, 10, 8, 13], "rotation": 270, "texture": "#5"},
				"up": {"uv": [7, 13, 8, 10], "rotation": 180, "texture": "#5"},
				"down": {"uv": [7, 10, 8, 13], "rotation": 180, "texture": "#5"}
			}
		},
		{
			"name": "spawn_egg_overlay_10",
			"from": [3, 17, 10],
			"to": [4, 18, 13],
			"rotation": {"angle": 0, "axis": "z", "origin": [8, 10, 8]},
			"faces": {
				"north": {"uv": [13, 10, 12, 11], "rotation": 180, "texture": "#5"},
				"east": {"uv": [12, 10, 13, 13], "rotation": 90, "texture": "#5"},
				"south": {"uv": [12, 12, 13, 13], "rotation": 180, "texture": "#5"},
				"west": {"uv": [12, 10, 13, 13], "rotation": 270, "texture": "#5"},
				"up": {"uv": [12, 13, 13, 10], "rotation": 180, "texture": "#5"},
				"down": {"uv": [12, 10, 13, 13], "rotation": 180, "texture": "#5"}
			}
		},
		{
			"name": "spawn_egg_overlay_11",
			"from": [9, 17, 11],
			"to": [10, 18, 13],
			"rotation": {"angle": 0, "axis": "z", "origin": [8, 10, 8]},
			"faces": {
				"north": {"uv": [7, 11, 6, 12], "rotation": 180, "texture": "#5"},
				"east": {"uv": [6, 11, 7, 13], "rotation": 90, "texture": "#5"},
				"south": {"uv": [6, 12, 7, 13], "rotation": 180, "texture": "#5"},
				"west": {"uv": [6, 11, 7, 13], "rotation": 270, "texture": "#5"},
				"up": {"uv": [6, 13, 7, 11], "rotation": 180, "texture": "#5"},
				"down": {"uv": [6, 11, 7, 13], "rotation": 180, "texture": "#5"}
			}
		},
		{
			"name": "spawn_egg_overlay_12",
			"from": [7, 17, 11],
			"to": [8, 18, 13],
			"rotation": {"angle": 0, "axis": "z", "origin": [8, 10, 8]},
			"faces": {
				"north": {"uv": [9, 11, 8, 12], "rotation": 180, "texture": "#5"},
				"east": {"uv": [8, 11, 9, 13], "rotation": 90, "texture": "#5"},
				"south": {"uv": [8, 12, 9, 13], "rotation": 180, "texture": "#5"},
				"west": {"uv": [8, 11, 9, 13], "rotation": 270, "texture": "#5"},
				"up": {"uv": [8, 13, 9, 11], "rotation": 180, "texture": "#5"},
				"down": {"uv": [8, 11, 9, 13], "rotation": 180, "texture": "#5"}
			}
		},
		{
			"name": "spawn_egg_overlay_13",
			"from": [4, 17, 11],
			"to": [6, 18, 13],
			"rotation": {"angle": 0, "axis": "z", "origin": [8, 10, 8]},
			"faces": {
				"north": {"uv": [12, 11, 10, 12], "rotation": 180, "texture": "#5"},
				"east": {"uv": [10, 11, 11, 13], "rotation": 90, "texture": "#5"},
				"south": {"uv": [10, 12, 12, 13], "rotation": 180, "texture": "#5"},
				"west": {"uv": [11, 11, 12, 13], "rotation": 270, "texture": "#5"},
				"up": {"uv": [10, 13, 12, 11], "rotation": 180, "texture": "#5"},
				"down": {"uv": [10, 11, 12, 13], "rotation": 180, "texture": "#5"}
			}
		},
		{
			"name": "spawn_egg_overlay_14",
			"from": [4, 17, 13],
			"to": [5, 18, 14],
			"rotation": {"angle": 0, "axis": "z", "origin": [8, 10, 8]},
			"faces": {
				"north": {"uv": [12, 13, 11, 14], "rotation": 180, "texture": "#5"},
				"east": {"uv": [11, 13, 12, 14], "rotation": 90, "texture": "#5"},
				"south": {"uv": [11, 13, 12, 14], "rotation": 180, "texture": "#5"},
				"west": {"uv": [11, 13, 12, 14], "rotation": 270, "texture": "#5"},
				"up": {"uv": [11, 14, 12, 13], "rotation": 180, "texture": "#5"},
				"down": {"uv": [11, 13, 12, 14], "rotation": 180, "texture": "#5"}
			}
		},
		{
			"name": "spawn_egg_overlay_15",
			"from": [7, 17, 14],
			"to": [9, 18, 15],
			"rotation": {"angle": 0, "axis": "z", "origin": [8, 10, 8]},
			"faces": {
				"north": {"uv": [9, 14, 7, 15], "rotation": 180, "texture": "#5"},
				"east": {"uv": [7, 14, 8, 15], "rotation": 90, "texture": "#5"},
				"south": {"uv": [7, 14, 9, 15], "rotation": 180, "texture": "#5"},
				"west": {"uv": [8, 14, 9, 15], "rotation": 270, "texture": "#5"},
				"up": {"uv": [7, 15, 9, 14], "rotation": 180, "texture": "#5"},
				"down": {"uv": [7, 14, 9, 15], "rotation": 180, "texture": "#5"}
			}
		}
	],
	"display": {
		"thirdperson_righthand": {
			"rotation": [75, 45, 0],
			"translation": [0, 2.5, 0],
			"scale": [0.375, 0.375, 0.375]
		},
		"thirdperson_lefthand": {
			"rotation": [75, 45, 0],
			"translation": [0, 2.5, 0],
			"scale": [0.375, 0.375, 0.375]
		},
		"firstperson_righthand": {
			"rotation": [0, 45, 0],
			"scale": [0.4, 0.4, 0.4]
		},
		"firstperson_lefthand": {
			"rotation": [0, 225, 0],
			"scale": [0.4, 0.4, 0.4]
		},
		"ground": {
			"translation": [0, 3, 0],
			"scale": [0.25, 0.25, 0.25]
		},
		"gui": {
			"rotation": [30, 225, 0],
			"scale": [0.625, 0.625, 0.625]
		},
		"head": {
			"rotation": [0, -180, 0]
		},
		"fixed": {
			"scale": [0.5, 0.5, 0.5]
		}
	},
	"groups": [0,
		{
			"name": "망치",
			"origin": [10, 13, 24],
			"children": [1, 2]
		},
		{
			"name": "톱",
			"origin": [8, 8, 8],
			"children": [3, 4, 5, 6, 7, 8, 9]
		},
		{
			"name": "오른쪽",
			"origin": [8, 8, 8],
			"children": [10, 11, 12, 13, 14]
		},
		{
			"name": "왼쪽",
			"origin": [8, 8, 8],
			"children": [15, 16, 17, 18, 19]
		},
		{
			"name": "작업대 위",
			"origin": [8, 8, 8],
			"children": [20, 21, 22, 23, 24, 25, 26, 27, 28, 29, 30, 31, 32, 33, 34, 35, 36, 37, 38, 39, 40, 41, 42, 43, 44, 45, 46, 47, 48, 49, 50, 51]
		},
		{
			"name": "톱",
			"origin": [8, 8, 8],
			"children": [52, 53, 54, 55, 56, 57, 58]
		},
		{
			"name": "망치",
			"origin": [10, 13, 24],
			"children": [59, 60]
		},
		{
			"name": "spawn_egg",
			"origin": [8, 8, 8],
			"children": [61, 62, 63, 64, 65, 66, 67, 68, 69, 70, 71, 72, 73, 74, 75, 76, 77, 78, 79, 80,
				{
					"name": "spawn_egg_overlay",
					"origin": [8, 8, 8],
					"children": [81, 82, 83, 84, 85, 86, 87, 88, 89, 90, 91, 92, 93, 94, 95, 96]
				}
			]
		}
	]
}